Date,Close,High,Low,Open,Volume,Adj Close,ticker,return,log_ret,SMA_10,SMA_50,trend_strength,volatility,atr,high_N,low_N
2025-01-31,234.9374237060547,246.0770438113447,232.38895238779278,246.0770438113447,100959800,234.9374237060547,AAPL,-0.00669219601419091,-0.006714689166491974,229.3586639404297,239.1463980102539,-0.04166102579753438,0.019281139829952595,6.913730827132176,247.97846832553566,218.39227174297113
2025-02-03,226.98341369628906,230.78622201033428,224.68381655532258,228.9545099800506,73063300,226.98341369628906,AAPL,-0.03385586631662996,-0.03444224918827013,229.1625518798828,239.14619873046874,-0.043984036930312276,0.0198590470319185,7.13913729459712,246.21643825220417,218.39227174297113
2025-02-04,231.7518310546875,232.08034706669682,225.62951205101965,226.2268166528706,45067300,231.7518310546875,AAPL,0.02100777885373928,0.020790158011232164,230.1739761352539,239.23619140625,-0.03910310106183213,0.020581783810777236,7.3403712166220885,246.21643825220417,218.39227174297113
2025-02-05,231.42332458496094,231.62242106375825,227.24223776986636,227.50106167329415,39620300,231.42332458496094,AAPL,-0.001417492445395352,-0.0014184980382042044,231.03408508300782,239.30527893066406,-0.035740536795458945,0.020476033614649714,7.258595365270215,246.0770438113447,218.39227174297113
2025-02-06,232.1699676513672,232.74735812237688,229.3925206475463,230.24864925075528,29925300,232.1699676513672,AAPL,0.0032263086175314815,0.0032211152511540967,231.98578186035155,239.3988558959961,-0.031929513152089584,0.020405831361287353,6.788579317937878,246.0770438113447,218.39227174297113
2025-02-07,226.60513305664062,232.946448173879,226.236788599926,231.55275755143822,39707200,226.60513305664062,AAPL,-0.0239687960119066,-0.02426072178083964,232.46859893798828,239.35425811767578,-0.030386157130723148,0.02097883396109793,6.981280231324689,246.0770438113447,218.39227174297113
2025-02-10,226.8741912841797,229.80417456619486,226.42572786906877,228.7876615470872,33115600,226.8741912841797,AAPL,0.001187343922486539,0.001186639587161788,232.2735107421875,239.25531158447265,-0.03077388751345377,0.020390267068186203,6.4688648126346475,246.0770438113447,218.39227174297113
2025-02-11,231.82725524902344,234.42836130351915,227.35256634016287,227.4223198813819,53718400,231.82725524902344,AAPL,0.02183176471862147,0.02159686445292075,231.73751068115234,239.21182312011717,-0.03224087017264686,0.020938328357492108,6.700555061390618,246.0770438113447,218.39227174297113
2025-02-12,236.06277465820312,236.15247950770552,229.89386689621963,230.41209906543347,45243300,236.06277465820312,AAPL,0.018270152940516038,0.01810525909176942,231.51555786132812,239.25563385009767,-0.032788210678182765,0.021304121941665914,6.811263143742129,246.0770438113447,218.39227174297113
2025-02-13,240.70689392089844,241.514131106333,234.7672133917818,236.10264318513748,53614100,240.70689392089844,AAPL,0.01967323848251623,0.019482221542832363,231.93422088623046,239.3445428466797,-0.03078566566890449,0.02130399703898537,6.9931143203587,246.0770438113447,218.39227174297113
2025-02-14,243.76644897460938,244.71320848741047,240.16875066053348,240.4278591482801,40896200,243.76644897460938,AAPL,0.012710708047756869,0.012630605061192714,232.81712341308594,239.44964630126952,-0.02720851419907433,0.018986074479748222,6.651447470458862,246.0770438113447,218.39227174297113
2025-02-18,243.6368865966797,244.34445851454996,241.01584434943877,243.31796980618805,48822500,243.6368865966797,AAPL,-0.0005315020933959191,-0.0005316433907023222,234.482470703125,239.49123413085937,-0.020558313224655365,0.01898213538811558,6.154669845855076,246.0770438113447,218.39227174297113
2025-02-19,244.03550720214844,245.17162160901916,242.33134319523683,243.8262313730556,32204200,244.03550720214844,AAPL,0.0016361258388950528,0.0016347888431449042,235.7108383178711,239.53362701416015,-0.015664887213000606,0.017055193276271734,5.941570664289789,246.0770438113447,218.80041619812283
2025-02-20,244.9922332763672,245.9389927126525,243.45747295470235,244.1052669318995,32316900,244.9922332763672,AAPL,0.003920437993583548,0.003912773103173258,237.0677291870117,239.59455688476564,-0.010313909400154347,0.017055877214033215,5.864260080699229,246.0770438113447,220.4131353788753
2025-02-21,244.71319580078125,247.84249441981407,244.38431857946645,245.11182656230832,53197400,244.71319580078125,AAPL,-0.0011389645779961155,-0.0011396136910757596,238.32205200195312,239.6538879394531,-0.005442436126673871,0.017062536477639497,5.133551824756064,247.84249441981407,220.4131353788753
2025-02-24,246.25791931152344,248.01191597096326,243.58704451830639,244.0953010258401,51326400,246.25791931152344,AAPL,0.006312383382871323,0.006292543737412716,240.2873306274414,239.66626556396486,0.0025220105213789473,0.016942004138417344,4.717213560607833,248.01191597096326,222.9715426392062
2025-02-25,246.1981201171875,249.14803959700342,244.0753891604379,247.15485528022737,48013300,246.1981201171875,AAPL,-0.0002428315584860341,-0.0002428610468428315,242.2197235107422,239.65713897705078,0.010408627541394955,0.015820190905508603,4.618771804957,249.14803959700342,224.68381655532258
2025-02-26,239.5408935546875,244.14514449402503,238.3150894487839,243.49736566903925,44433600,239.5408935546875,AAPL,-0.02704011939380868,-0.02741243032228451,242.9910873413086,239.54035247802733,0.014405619066013302,0.015357786172357236,4.859731618070033,249.14803959700342,224.68381655532258
2025-02-27,236.49131774902344,241.6337368385667,236.25213016109495,238.5941277716784,41153600,236.49131774902344,AAPL,-0.01273091938670523,-0.012812651969177875,243.03394165039063,239.3333071899414,0.015648077467167475,0.015604227543569374,5.004500846830116,249.14803959700342,224.68381655532258
2025-02-28,241.01583862304688,241.26498665715278,229.41550676334808,236.14250368420718,56833400,241.01583862304688,AAPL,0.019131868844441513,0.01895115592125555,243.06483612060546,239.2133676147461,0.015980146897661522,0.016084518811232615,5.371630869676666,249.14803959700342,224.68381655532258
2025-03-03,237.2188262939453,243.1983791446907,235.30537120652147,240.96600727263495,47184000,237.2188262939453,AAPL,-0.015754202507164528,-0.015879618923224256,242.41007385253906,238.95954986572266,0.014545742598611206,0.01644073094137836,5.694099529751177,249.14803959700342,224.68381655532258
2025-03-04,235.1259765625,239.25188262538288,233.88023638606123,236.89992456399492,53798100,235.1259765625,AAPL,-0.008822443665799096,-0.008861591847085348,241.5589828491211,238.6152947998047,0.012519620725674759,0.014455876777808028,5.538204974035618,249.14803959700342,225.62951205101965
2025-03-05,234.93663024902344,235.7438674276595,228.44880585950324,234.61771347352882,47227600,234.93663024902344,AAPL,-0.000805297297409524,-0.0008056217234627742,240.6490951538086,238.37536346435547,0.00967806376997512,0.013749043599372257,5.612237042369216,249.14803959700342,226.236788599926
2025-03-06,234.5280303955078,237.04940729600818,232.3654272740836,233.64106399817908,45170400,234.5280303955078,AAPL,-0.0017391917687868963,-0.0017407059186438627,239.60267486572266,238.09261749267577,0.006438707435099897,0.013751823419541162,5.464884350038744,249.14803959700342,226.236788599926
2025-03-07,238.2552947998047,240.54744460053885,233.95996981993864,234.30878315837532,46273600,238.2552947998047,AAPL,0.015892618029543115,0.01576765265480771,238.956884765625,237.79083953857423,0.004894099952870089,0.014154769804316862,5.610814132447546,249.14803959700342,226.236788599926
2025-03-10,226.70477294921875,235.35520052510583,223.45588808739058,234.73730306532093,72071200,226.70477294921875,AAPL,-0.04847960193409895,-0.049694154676558876,237.00157012939454,237.24252166748047,-0.0010628428107241922,0.017352658069655868,6.430156457254897,249.14803959700342,223.45588808739058
2025-03-11,220.08740234375,225.0703629938446,216.7089556312574,223.04728218644934,76137400,220.08740234375,AAPL,-0.029189374883390795,-0.029623860487678722,234.39049835205077,236.5035202026367,-0.009600830524982307,0.018568840924628603,6.941266378981971,249.14803959700342,216.7089556312574
2025-03-12,216.24057006835938,220.99431909322652,214.17763213362198,219.38980505207962,62547500,216.24057006835938,AAPL,-0.01747865727172493,-0.017633212596007593,232.06046600341796,235.67125640869142,-0.016698024816212777,0.018063696747511276,7.250921179100142,249.14803959700342,214.17763213362198
2025-03-13,208.96543884277344,216.1010424274323,207.7097381833997,215.2140760046737,61368300,208.96543884277344,AAPL,-0.03364369240834908,-0.034222664338919795,229.30787811279296,234.7617803955078,-0.02609954216791982,0.018555631897779153,7.613253753715289,249.14803959700342,207.7097381833997
2025-03-14,212.762451171875,213.22087501834247,208.86577244295887,210.53007941159925,60107600,212.762451171875,AAPL,0.018170527863980768,0.018007416736179283,226.48253936767577,233.99573944091796,-0.03531262227832124,0.018451269026222974,7.608270262481483,249.14803959700342,207.7097381833997
2025-03-17,213.27073669433594,214.4865804284824,209.25447123387838,212.58308562424435,48073400,213.27073669433594,AAPL,0.0023889813247655045,0.0023861322455762455,224.08773040771484,233.2753042602539,-0.0430793928644176,0.018039475203669407,7.619660173769948,249.14803959700342,207.7097381833997
2025-03-18,211.96519470214844,214.4168029665515,210.76928711901598,213.43018643369246,42432400,211.96519470214844,AAPL,-0.006121524276716084,-0.0061403376233179555,221.7716522216797,232.65956604003907,-0.05136651719476387,0.017982330077055984,7.317123400850799,249.14803959700342,207.7097381833997
2025-03-19,214.50650024414062,218.01449366985423,213.02157246340184,213.4899719913265,54385400,214.50650024414062,AAPL,0.011989258640142442,0.011917956816990882,219.7286392211914,232.10441009521483,-0.05769415313726131,0.01838362809707671,7.3648157072960885,249.14803959700342,207.7097381833997
2025-03-20,213.37037658691406,216.74882322763474,211.4967785561088,213.2607508466693,48862900,213.37037658691406,AAPL,-0.0052964532819913535,-0.005310529214353347,217.61287384033204,231.49387908935546,-0.06505591577924194,0.018225026146957816,6.893570334276177,249.14803959700342,207.7097381833997
2025-03-21,217.5261688232422,218.09421843072647,210.55998434888178,210.83902892918795,94127800,217.5261688232422,AAPL,0.019476894134998757,0.019289646856953568,215.5399612426758,231.02201293945313,-0.07117328356643739,0.019116168755148374,6.867943630252995,249.14803959700342,207.7097381833997
2025-03-24,219.97779846191406,220.72524263370704,217.83513125215714,220.24688262166092,44299500,219.97779846191406,AAPL,0.011270504380850088,0.011207465457784851,214.8672637939453,230.58942352294923,-0.07147157503590519,0.019311593902953682,6.712759885334653,249.14803959700342,207.7097381833997
2025-03-25,222.9875030517578,223.33631640181736,219.33001153042758,220.01766257627696,34493600,222.9875030517578,AAPL,0.013681856127698344,0.013589104585383222,215.1572738647461,230.33350128173828,-0.06805864548144487,0.019757679073601608,6.477848692708475,244.14514449402503,207.7097381833997
2025-03-26,220.77505493164062,224.25316696482244,219.71866969932233,222.7483031053444,34466100,220.77505493164062,AAPL,-0.009921848040083447,-0.009971397595554625,215.61072235107423,230.08210998535156,-0.06554811021905606,0.019087654185137668,6.467171352963869,243.1983791446907,207.7097381833997
2025-03-27,223.087158203125,224.22327264250706,219.80836152348044,220.63553483035878,37094800,223.087158203125,AAPL,0.010472665366113354,0.010418206893104734,217.02289428710938,229.8992596435547,-0.057718989565150806,0.019234481873720476,6.311988234280041,243.1983791446907,207.7097381833997
2025-03-28,217.15740966796875,223.04727255158852,216.93815819229235,220.91456609374504,39818600,217.15740966796875,AAPL,-0.026580411812665128,-0.02694005831357586,217.46239013671874,229.50642730712892,-0.05546224367303596,0.019225654971344854,5.694102041309937,243.1983791446907,207.7097381833997
2025-03-31,221.37301635742188,224.8511131847691,215.49311362240712,216.27045427307317,65299300,221.37301635742188,AAPL,0.019412677172281345,0.019226654761999185,218.27261810302736,229.38924194335937,-0.05021670672989097,0.01979462739882336,5.648543630195696,240.54744460053885,207.7097381833997
2025-04-01,222.4293975830078,222.91771798921508,218.15400887457568,219.06091135294477,36412700,222.4293975830078,AAPL,0.004771951175297495,0.004760601508669265,219.31903839111328,229.25893920898437,-0.04468789164508548,0.019833187290707485,5.501902355555329,240.54744460053885,207.7097381833997
2025-04-02,223.12701416015625,224.4225869866718,220.2667995775576,220.56578026164416,35905900,223.12701416015625,AAPL,0.00313635061160511,0.0031314425236710053,220.18108978271485,229.28872772216798,-0.04081817691924942,0.019873267207788137,5.189399178709223,240.54744460053885,207.7097381833997
2025-04-03,202.49755859375,206.78290782089874,200.56416741637668,204.83954098981803,103419000,202.49755859375,AAPL,-0.09245610910922164,-0.09701334939472404,219.09380798339845,228.88223419189453,-0.04833848998709949,0.02898941647929832,6.48995233359465,240.54744460053885,200.56416741637668
2025-04-04,187.738037109375,199.19884701911502,186.70157274086588,193.2292544699453,125910900,187.738037109375,AAPL,-0.07288740460316123,-0.0756802586596973,216.11499481201173,228.18393493652343,-0.06428606749244113,0.03218793334848174,7.244514952043228,235.35520052510583,186.70157274086588
2025-04-07,180.84161376953125,193.48835506739644,174.02491207450518,176.59612158290105,160466300,180.84161376953125,AAPL,-0.03673428915114274,-0.037425985358315234,212.20137634277344,227.3652279663086,-0.08385156108405621,0.031540460700823815,8.374224033854352,225.0703629938446,174.02491207450518
2025-04-08,171.83242797851562,189.69135865616965,168.63337548243626,186.0637635998773,120859500,171.83242797851562,AAPL,-0.049818101062165554,-0.051101840149941236,207.08586883544922,226.22537506103515,-0.11138471620722815,0.03254673720744103,9.446272905713467,224.8511131847691,168.63337548243626
2025-04-09,198.17234802246094,199.926344669284,171.30421792842867,171.3640110222038,184395900,198.17234802246094,AAPL,0.15328841216885225,0.14261735065644743,204.82559814453126,225.44507690429688,-0.10404821341385433,0.047482717059920625,11.115564482094138,224.8511131847691,168.63337548243626
2025-04-10,189.77105712890625,194.1161990933285,182.37634591183127,188.42566697985896,121880000,189.77105712890625,AAPL,-0.042393860583427534,-0.04331871350519501,201.49398803710938,224.4748519897461,-0.12109783388636791,0.04782609735673611,11.705690769864493,224.8511131847691,168.63337548243626
2025-04-11,197.4747314453125,198.85999394662434,185.42593581806156,185.46580802047046,87435900,197.4747314453125,AAPL,0.04059456922966587,0.03979225097679003,199.52572021484374,223.69394134521485,-0.12238639826718344,0.04861486742287777,12.43676107830006,224.8511131847691,168.63337548243626
2025-04-14,201.829833984375,212.21432171985006,200.4744681359889,210.71943358737073,101352900,201.829833984375,AAPL,0.022053973727107268,0.021814302253069268,197.57140197753907,223.03178955078124,-0.1261477902975099,0.04893651432305436,13.203424321382045,224.8511131847691,168.63337548243626
2025-04-15,201.45114135742188,202.81646776904176,199.11911932089467,201.1720967653651,51343900,201.45114135742188,AAPL,-0.0018762965785447117,-0.0018780590279002213,195.47357635498048,222.5211441040039,-0.13426366098881834,0.04893028466428098,13.143627977285401,224.8511131847691,168.63337548243626
2025-04-16,193.6079559326172,200.01603598224625,191.71442177543545,197.68401406478426,59732400,193.6079559326172,AAPL,-0.03893343751718448,-0.039711608640629455,192.52167053222655,221.7582666015625,-0.15100926988512484,0.0494859413667424,13.523757153211102,224.8511131847691,168.63337548243626
2025-04-17,196.3087158203125,198.15241736523095,193.75744237056688,196.5279673080365,52164700,196.3087158203125,AAPL,0.013949632775603904,0.013853232116374709,191.9027862548828,221.05597442626953,-0.1485068457076126,0.04966736458918221,13.409147254766895,224.8511131847691,168.63337548243626
2025-04-21,192.50172424316406,193.13954254760668,189.16313478921086,192.61134997705832,46742500,192.50172424316406,AAPL,-0.019392881061038092,-0.019583390012688173,192.37915496826173,220.26260955810548,-0.1448478173349864,0.049461301308126406,13.25111735967687,224.8511131847691,168.63337548243626
2025-04-22,199.059326171875,200.9030125684292,195.3021694205859,195.45165216386687,52976400,199.059326171875,AAPL,0.03406515943944233,0.03349779096675648,194.2009262084961,219.71169342041014,-0.1281566038754051,0.05011883619805555,13.510944446150138,224.8511131847691,168.63337548243626
2025-04-23,203.9027557373047,207.29116289420588,202.10888686320854,205.29797863560773,52929200,203.9027557373047,AAPL,0.024331588268553084,0.024040290868522936,197.407958984375,219.25226470947266,-0.10713099803928332,0.05037663394071017,13.802090825665616,224.8511131847691,168.63337548243626
2025-04-24,207.65989685058594,208.11833592046503,202.248408894664,204.1917605029567,47311000,207.65989685058594,AAPL,0.018426141911106475,0.018258437522240132,198.3567138671875,218.7689175415039,-0.0982963200111924,0.05060943056752781,12.609739417238575,224.8511131847691,168.63337548243626
2025-04-25,208.56678771972656,209.03518721035243,205.49728231156092,205.66670113907415,38222300,208.56678771972656,AAPL,0.0043671931022537525,0.004357684588084298,200.23628692626954,218.21899780273438,-0.08622039526556895,0.05054256798530375,11.73416220623196,224.8511131847691,168.63337548243626
2025-04-28,209.42388916015625,210.77925519188395,206.75302930142868,209.28436685718972,38743100,209.42388916015625,AAPL,0.004109481906493517,0.00410106104808384,201.43120269775392,217.59333770751954,-0.07717426638660921,0.05025632379145842,10.631503841772247,224.8511131847691,168.63337548243626
2025-04-29,210.490234375,211.51672307140856,207.6599011161091,207.978817902887,36827600,210.490234375,AAPL,0.005091803132489137,0.005078883739697389,202.2972427368164,216.92781341552734,-0.06950712332167282,0.05004370909477759,9.402849469026966,224.4225869866718,168.63337548243626
2025-04-30,211.7758331298828,212.8521544830753,205.96569903614,208.58674127234366,52286500,211.7758331298828,AAPL,0.0061076408542186655,0.006089064814629984,203.3297119140625,216.2905923461914,-0.0612009417721424,0.0500547623735593,7.850301519461253,224.4225869866718,168.63337548243626
2025-05-01,212.59304809570312,213.82881264887993,208.18809734114114,208.3674918385056,57365700,212.59304809570312,AAPL,0.0038588679064202047,0.0038514415743526203,205.22822113037108,215.6617431640625,-0.04907743751335911,0.05005924968224596,7.124923890683332,213.82881264887993,168.63337548243626
2025-05-02,204.65020751953125,206.28461806468735,201.4710760745947,205.38767599056177,101010600,204.65020751953125,AAPL,-0.03736171359938467,-0.038077548957887154,206.06237030029297,214.8549026489258,-0.04296371088601844,0.04574661408446091,6.959774883008022,213.82881264887993,168.63337548243626
2025-05-05,198.21221923828125,203.4044712176219,197.5345438511527,202.40787903175757,69018500,198.21221923828125,AAPL,-0.03145849867088735,-0.03196394591314697,206.6334197998047,213.9248831176758,-0.036786144395596736,0.04286742750135242,6.415208696853806,213.82881264887993,168.63337548243626
2025-05-06,197.83351135253906,199.96621804369693,196.34859871285207,197.53454585917262,51216500,197.83351135253906,AAPL,-0.0019106182615660217,-0.0019124458208531821,206.5108383178711,212.9563949584961,-0.03258071191558151,0.04184042207886356,6.409513759903646,213.82881264887993,168.63337548243626
2025-05-07,195.58120727539062,198.7603386318323,192.59143085844198,198.49125449640593,68536700,195.58120727539062,AAPL,-0.011384846084720346,-0.011450149564734112,205.67868347167968,211.94405670166014,-0.03203463828279999,0.03996498698851569,6.154670059289638,213.82881264887993,171.30421792842867
2025-05-08,196.81698608398438,199.3682595147921,194.0165494128041,197.04619801698016,50478900,196.81698608398438,AAPL,0.0063184946335548275,0.00629861663508141,204.59439239501953,211.08957855224608,-0.033001146326135565,0.023932310641765965,6.212330678530656,213.82881264887993,182.37634591183127
2025-05-09,197.8534393310547,199.85658408831688,196.86680762308345,198.32183886048443,36453900,197.8534393310547,AAPL,0.005266076204561099,0.005252258912645172,203.52305755615234,210.3168209838867,-0.034337353197923616,0.021702299155804763,5.919046176618575,213.82881264887993,185.42593581806156
2025-05-12,210.3471221923828,210.82612467262763,206.31561695740214,210.52675192915717,63775800,210.3471221923828,AAPL,0.06314614951132236,0.061232577690344396,203.615380859375,209.70344665527344,-0.028942947887493884,0.02406395345479383,6.245574534926275,213.82881264887993,189.16313478921086
2025-05-13,212.48263549804688,212.95164926547025,208.56089957562318,209.98788789546765,51909300,212.48263549804688,AAPL,0.010152329556051276,0.010101140823397865,203.8146209716797,209.20872283935546,-0.02538608322055265,0.023726156417472617,5.971211175463146,213.82881264887993,189.16313478921086
2025-05-14,211.8839111328125,213.49052924285678,210.1375877621875,211.98369190366654,49325800,211.8839111328125,AAPL,-0.0028177566784739483,-0.0028217340280494163,203.82542877197267,208.7438815307617,-0.02321296002368992,0.023736407571370945,5.791426493668021,213.82881264887993,189.16313478921086
2025-05-15,211.00575256347656,212.51258988469863,209.0997617101353,210.506803034962,45029500,211.00575256347656,AAPL,-0.004144526899852674,-0.004153139255795237,203.66669921875,208.26526397705078,-0.02179355160906046,0.021645954650971192,5.7824924419374355,213.82881264887993,189.16313478921086
2025-05-16,210.81614685058594,212.12340739052024,209.3292870180407,211.9138418912236,54737900,210.81614685058594,AAPL,-0.0008985807760553133,-0.0008989847417762119,204.28329315185547,207.79102630615233,-0.016638825852286033,0.021554529936871174,5.694484904939169,213.82881264887993,189.16313478921086
2025-05-19,208.3413543701172,209.0398806327114,203.83084657536088,207.47318710280226,46140500,208.3413543701172,AAPL,-0.011739103087880398,-0.01180855039295381,205.29620666503905,207.1927474975586,-0.00910304551995162,0.021181961994,5.917947642076712,213.82881264887993,192.59143085844198
2025-05-20,206.42539978027344,208.03201787298204,204.5992426766309,207.23369558110693,42496600,206.42539978027344,AAPL,-0.009196227967492532,-0.009238774316743506,206.1553955078125,206.7871600341797,-0.003060498015455776,0.02017645421802283,5.693351659687496,213.82881264887993,192.59143085844198
2025-05-21,201.66542053222656,206.6050179110669,200.2883301620853,204.7389515122616,59211800,201.66542053222656,AAPL,-0.023059077289488417,-0.023329096822368448,206.7638168334961,206.41872039794922,0.0017112325684597537,0.02021065027331536,5.741635405490555,213.82881264887993,192.59143085844198
2025-05-22,200.93695068359375,202.32402973584547,199.28043462788855,200.28832240028711,46742400,200.93695068359375,AAPL,-0.003612269504163268,-0.003618809503893116,207.17581329345703,206.1126480102539,0.005291039202029283,0.019725209944785622,5.16460848312259,213.82881264887993,192.59143085844198
2025-05-23,194.8597412109375,197.28462846236872,193.05354646446796,193.2630967266574,78432900,194.8597412109375,AAPL,-0.030244359994423098,-0.03071115674128091,206.8764434814453,205.8305340576172,0.005367498783116519,0.02069817644984534,5.219447093890251,213.82881264887993,192.59143085844198
2025-05-27,199.78936767578125,200.31825293342968,197.01519441683536,197.88337691051132,56288500,199.78936767578125,AAPL,0.025298332196322493,0.024983626043138994,205.82066802978517,205.57107238769532,0.0012492939188580258,0.02160335335449426,5.350939407579345,213.82881264887993,192.59143085844198
2025-05-28,199.99893188476562,202.3040763244224,199.48002009942556,200.16857290124128,45339700,199.99893188476562,AAPL,0.0010489257332475521,0.0010483759950400688,204.57229766845703,205.3056362915039,-0.0036667126975928424,0.02154908968373595,5.112021439836953,213.82881264887993,192.59143085844198
2025-05-29,199.5299072265625,203.38179807643976,198.09293019267844,203.15228556391767,51396800,199.5299072265625,AAPL,-0.0023451358153920854,-0.0023478899531156243,203.33689727783204,205.0569305419922,-0.008620428326100932,0.021453306711970894,5.107532709963619,213.82881264887993,192.59143085844198
2025-05-30,200.4280242919922,201.53569281345096,196.36656797106642,198.95112277889336,70819900,200.4280242919922,AAPL,0.004501165153201203,0.004491065205679781,202.27912445068358,204.77536102294923,-0.012454528657275088,0.021464497595461353,5.259641769824479,213.49052924285678,192.59143085844198
2025-06-02,201.27622985839844,201.70533435611304,199.69954757512772,199.85921507319503,35423300,201.27622985839844,AAPL,0.0042319709002895944,0.0042230412957919876,201.32513275146485,204.5334780883789,-0.01594001109406302,0.01984345340354797,4.476291872639649,213.49052924285678,192.59143085844198
2025-06-03,202.8429412841797,203.34189080211323,200.53779694760377,200.92697696252267,46381600,202.8429412841797,AAPL,0.007783886983989463,0.007753748829332053,200.7752914428711,204.23981353759766,-0.017079825764667954,0.018506142407972784,4.362959312972677,213.49052924285678,192.59143085844198
2025-06-04,202.3938751220703,205.80668775064265,201.67538665008354,202.4836823743862,43604000,202.3938751220703,AAPL,-0.0022138614203993656,-0.0022163156344559864,200.37213897705078,203.8881350708008,-0.017372047902286535,0.018508917576525702,4.418556428679095,213.49052924285678,192.59143085844198
2025-06-05,200.20848083496094,204.3198198340372,199.72947835269025,203.07244608657666,55126100,200.20848083496094,AAPL,-0.010797729357132413,-0.01085644790396049,200.22644500732423,203.43255462646485,-0.016013855186202283,0.0184881276869121,4.5026645220207815,213.49052924285678,193.05354646446796
2025-06-06,203.49156188964844,205.26782088834017,201.62549563553227,202.57349663849442,46607700,203.49156188964844,AAPL,0.016398311604960636,0.016265311310348054,200.48190612792968,203.086884765625,-0.012801408635842997,0.018765901046841,4.6644659277993314,213.49052924285678,193.05354646446796
2025-06-09,201.02674865722656,205.56719211084615,199.59976040917107,203.96057412654167,72862600,201.02674865722656,AAPL,-0.012112606584436802,-0.01218656200557631,201.0986068725586,202.64567657470704,-0.0076958400435872525,0.018994322065939737,4.591761029688619,213.49052924285678,193.05354646446796
2025-06-10,202.24420166015625,203.92068000712237,200.14862275986277,200.17855851367187,54672600,202.24420166015625,AAPL,0.006056174171157558,0.006037909254940444,201.3440902709961,202.34741241455077,-0.0049609439248133064,0.01272674129990785,4.593899997815283,213.49052924285678,193.05354646446796
2025-06-11,198.36236572265625,204.07034932786254,197.99314795828434,203.0724503091444,60989900,198.36236572265625,AAPL,-0.01919380583292518,-0.019380398396932036,201.18043365478516,201.88719940185547,-0.0035630032163383426,0.012960922301001307,4.576793827857896,213.49052924285678,193.05354646446796
2025-06-12,198.78147888183594,199.26046614106752,196.94534836583952,198.66173587371065,43904600,198.78147888183594,AAPL,0.0021128663073402,0.002110637344438744,201.1055908203125,201.41424102783202,-0.001552711093889157,0.013020061782872022,4.524759732662973,212.51258988469863,193.05354646446796
2025-06-13,196.03726196289062,199.9490243445518,195.2888376882346,199.3103695725812,51447300,196.03726196289062,AAPL,-0.013805194198080128,-0.013901372087019841,200.66651458740233,200.8724459838867,-0.0010504706830855258,0.013238582023681882,4.294529906748074,212.12340739052024,193.05354646446796
2025-06-16,198.0031280517578,198.27256505925683,196.1470352061455,196.8854859861783,43020700,198.0031280517578,AAPL,0.010028022576847206,0.009978075593870499,200.33920440673828,200.78255737304687,-0.0022391210213239805,0.013577871766526554,4.0643007191676475,209.0398806327114,193.05354646446796
2025-06-17,195.2289581298828,197.97318035709665,194.79986887227625,196.78567812068002,38856200,195.2289581298828,AAPL,-0.014010737856372857,-0.014109814759666576,199.5778060913086,200.93237579345703,-0.00693836465206798,0.01366471425865949,4.091386644487985,208.03201787298204,193.05354646446796
2025-06-18,196.1669921875,197.15491770400297,194.66017014117494,195.52833742048526,45394700,196.1669921875,AAPL,0.004804789548654709,0.004793283389081861,198.95511779785156,201.23888336181642,-0.011641946172993254,0.013701238436197588,3.891806621564178,206.6050179110669,193.05354646446796
2025-06-20,200.5777130126953,201.27623931614946,196.44641147314488,197.82351706190548,96813500,200.5777130126953,AAPL,0.022484520846297373,0.02223547028360247,198.992041015625,201.8137890625,-0.014068103601801473,0.013851416342971677,3.887529642011671,205.80668775064265,193.05354646446796
2025-06-23,201.07664489746094,201.87496712850407,198.54198818263384,201.20637663769034,55814300,201.07664489746094,AAPL,0.002487474192778505,0.0024843855497348904,198.75054931640625,201.871875,-0.015523064278228131,0.013840991071349791,3.982329082360593,205.80668775064265,193.05354646446796
2025-06-24,199.87918090820312,203.0125832870988,199.77938491343542,202.16436301176623,54064000,199.87918090820312,AAPL,-0.005955261437092574,-0.005973064723825323,198.63579254150392,202.07403747558592,-0.01720161608857634,0.011920950393134294,4.012979405157302,205.80668775064265,194.66017014117494
2025-06-25,201.1365203857422,203.24208788881052,200.19849288768373,201.02675088646447,39525700,201.1365203857422,AAPL,0.006290497448638854,0.006270794852481886,198.5250244140625,202.14727325439452,-0.0180089067534092,0.010625929970458976,3.958094110875036,205.80668775064265,194.66017014117494
2025-06-26,200.5777130126953,202.2142668779585,199.04095514509618,201.00680230384165,50799100,200.5777130126953,AAPL,-0.002778249181079495,-0.0027821156783913795,198.7465591430664,202.12223083496093,-0.016829744647057897,0.010646914524445925,3.8568777002689916,205.80668775064265,194.66017014117494
2025-06-27,200.6575469970703,202.79305039965564,199.57981417332658,201.46584280819525,73188600,200.6575469970703,AAPL,0.00039802021458856807,0.00039794102555481815,198.93416595458984,202.1063589477539,-0.015808989198947875,0.010630775347075457,3.7250131411939793,205.80668775064265,194.66017014117494
2025-06-30,204.7389373779297,206.95427439094752,198.84135059390303,201.58557286233471,91912800,204.7389373779297,AAPL,0.02034007911458713,0.02013598262377197,199.80433349609376,202.32897857666015,-0.012331045149004162,0.011497110519357343,3.8782625765775083,206.95427439094752,194.66017014117494
2025-07-01,207.3833770751953,209.74839282792448,205.70689884063935,206.23578409144605,78788900,207.3833770751953,AAPL,0.01291615425542747,0.012833452102963735,200.7423583984375,202.55047180175782,-0.008718699776331296,0.011779376571215404,3.966648162487165,209.74839282792448,194.66017014117494
2025-07-02,211.99366760253906,212.8917706186518,207.7026988246806,208.47108532398713,67941800,211.99366760253906,AAPL,0.022230762139012317,0.021987260950303646,202.41882934570313,202.9403106689453,-0.002459891038914809,0.012580194679734142,3.9260190320498998,212.8917706186518,194.66017014117494
2025-07-03,213.10133361816406,214.1990133776075,211.3649838836884,211.70426588787655,34955800,213.10133361816406,AAPL,0.0052249957659193935,0.005211392838460461,204.11226348876954,203.2211508178711,0.0041816381707641065,0.01255237103915863,3.96308415481355,214.1990133776075,194.66017014117494
2025-07-07,209.50889587402344,215.77570049162512,208.36131809352125,212.23315593085263,50229000,209.50889587402344,AAPL,-0.01685788485292905,-0.01700159639848781,205.00538177490233,203.33327362060547,0.00798108427482857,0.012966884088071421,4.159812422084026,215.77570049162512,194.66017014117494
2025-07-08,209.5687713623047,210.98578616820197,208.01205130024096,209.658593847986,42848900,209.5687713623047,AAPL,0.00028578971805215403,0.00028574888794971224,205.8545944213867,203.37145111083984,0.011848823154352423,0.012544602344849878,4.2125575486265125,215.77570049162512,194.66017014117494
2025-07-09,210.69639587402344,210.8859991217609,206.78463359109693,209.0897778625777,48749400,210.69639587402344,AAPL,0.00538068961510163,0.005366265423001007,206.93631591796876,203.41404327392578,0.016717289488658162,0.012146474275709982,4.2767080022823984,215.77570049162512,194.66017014117494
2025-07-10,211.9637451171875,213.03148920420767,209.58874045798783,210.06772774811225,44443600,211.9637451171875,AAPL,0.0060150494644521935,0.005997031271867079,208.01903839111327,203.4648403930664,0.02148574038229516,0.012145824292998089,4.344422372524671,215.77570049162512,194.66017014117494
2025-07-11,210.7163543701172,211.68431760849728,209.41908263784933,210.12759762046792,39765800,210.7163543701172,AAPL,-0.005884925020458898,-0.00590230942922182,209.03290252685548,203.46936279296875,0.026402980207765606,0.011215095772857382,4.161237754716723,215.77570049162512,194.66017014117494
2025-07-14,208.1816864013672,210.46688365912564,207.10395364435493,209.48893166698292,38840100,208.1816864013672,AAPL,-0.01202881464197092,-0.012101746276944433,209.78531646728516,203.39747985839844,0.0306839507322041,0.011714935513405897,4.18119645328044,215.77570049162512,194.66017014117494
2025-07-15,208.67066955566406,211.44482767792792,208.48106630115817,208.7804390594974,42296300,208.67066955566406,AAPL,0.0023488288655426626,0.0023460746789217817,210.1784896850586,203.31903228759765,0.03287216843683508,0.011077573545954938,4.1833352320588215,215.77570049162512,194.66017014117494
2025-07-16,209.7184600830078,211.9537441254909,208.20164932080104,209.85816533566302,47490500,209.7184600830078,AAPL,0.005021264030900419,0.005008699526908586,210.41199798583983,203.4203973388672,0.03333803158866094,0.01097093150358619,4.211134362350427,215.77570049162512,194.66017014117494
2025-07-17,209.57875061035156,211.3550095983717,209.14964612579556,210.12759810142074,48068100,209.57875061035156,AAPL,-0.0006661763232523876,-0.0006663983172961444,210.1705062866211,203.6477279663086,0.03112328087325823,0.010264679837605902,4.141995200901415,215.77570049162512,194.66017014117494
2025-07-18,210.73631286621094,211.34503189230253,209.25942654413325,210.42696659875526,48974600,210.73631286621094,AAPL,0.005523280640275852,0.005508083259677811,209.9340042114258,203.90578399658204,0.028605512419071537,0.010270492815384998,4.061450138175717,215.77570049162512,196.44641147314488
2025-07-21,212.03358459472656,215.32665448510335,211.18537954340883,211.65439331220318,51377400,212.03358459472656,AAPL,0.006155900285392368,0.006137030133482428,210.18647308349608,204.23483154296875,0.02806933416658068,0.00931834027626288,3.8098371254505685,215.77570049162512,198.54198818263384
2025-07-22,213.9495391845703,214.49838667908332,211.78410018506472,212.69219192810166,46404100,213.9495391845703,AAPL,0.009036090171780309,0.008995508989266177,210.62454986572266,204.57748260498047,0.02826398824596434,0.009420751011396968,3.6458964857379845,215.77570049162512,198.84135059390303
2025-07-23,213.7000732421875,214.69797228179937,211.9637386583707,214.54829351654996,46989300,213.7000732421875,AAPL,-0.0011660036442873167,-0.001166683955418151,210.92491760253907,204.89441528320313,0.028219467723352324,0.009236550662876462,3.447742205735998,215.77570049162512,198.84135059390303
2025-07-24,213.31089782714844,215.23685093304425,213.08138530657155,213.45060308663847,46022600,213.31089782714844,AAPL,-0.0018211290671763525,-0.001822789338734743,211.05963287353515,204.95369079589844,0.02862461383751955,0.009278730412972185,3.399273358061255,215.77570049162512,198.84135059390303
2025-07-25,213.43064880371094,214.7877920897316,212.95164630742312,214.24891808809048,40268800,213.43064880371094,AAPL,0.0005613917422049308,0.0005612342208122051,211.33106231689453,204.97265106201172,0.029791462896833286,0.009200028695436801,3.0008278855044415,215.77570049162512,198.84135059390303
2025-07-28,213.6002960205078,214.39861831079742,212.61237047326716,213.5803337758995,37858000,213.6002960205078,AAPL,0.0007948587409902785,0.0007945430080788463,211.8729232788086,205.00697875976562,0.03214389046719197,0.009194311189320957,2.9160073833308155,215.77570049162512,198.84135059390303
2025-07-29,210.8261260986328,214.3586818606333,210.37707459375494,213.73000061776605,51411700,210.8261260986328,AAPL,-0.012987668901023652,-0.013072746112031753,212.08846893310547,205.00338623046875,0.033606284162912725,0.00895617047571164,2.9074532216318443,215.77570049162512,205.70689884063935
2025-07-30,208.6107940673828,211.94377315400357,207.28358653790625,211.454797150492,45512500,208.6107940673828,AAPL,-0.010507862911703691,-0.010563460319450515,211.97770233154296,204.9592791748047,0.03364362418596261,0.008921038503062638,2.994413069480235,215.77570049162512,206.78463359109693
2025-07-31,207.1339111328125,209.39913099136336,206.72476887181696,208.0519764228089,80698400,207.1339111328125,AAPL,-0.007079609380583052,-0.007104788725402036,211.73321838378905,204.93513031005858,0.03281977362640342,0.007448073849053731,3.0036773294951087,215.77570049162512,206.72476887181696
2025-08-01,201.95480346679688,213.13126916468397,201.07664747870345,210.4269561886582,104434500,201.95480346679688,AAPL,-0.025003668581794036,-0.025321570639362537,210.85506744384764,204.84571838378906,0.029755910515129547,0.009033865518788917,3.606693112367842,215.77570049162512,201.07664747870345
2025-08-04,202.9227752685547,207.44325668811337,201.25627047720934,204.0803265791815,75109300,202.9227752685547,AAPL,0.004793012026163446,0.004781562115817958,209.94398651123046,204.8708654785156,0.025000254535258136,0.008515357990166296,3.8155391791066484,215.32665448510335,201.07664747870345
2025-08-05,202.49366760253906,204.90858140720596,201.73526982787092,202.97265486934364,44155100,202.49366760253906,AAPL,-0.0021146353111312077,-0.002116874309380778,208.79839935302735,204.90199981689454,0.019242080911788216,0.008504338946288865,3.7741975201527316,215.32665448510335,201.07664747870345
2025-08-06,212.8019561767578,214.9274858636443,205.15804638253505,205.1979708684584,108483100,212.8019561767578,AAPL,0.05090672067065416,0.049653335026119814,208.70858764648438,205.26084411621093,0.01620165336924663,0.014262276431435853,4.504801433619095,215.32665448510335,201.07664747870345
2025-08-07,219.56771850585938,220.38600300495352,216.12496995802366,218.42014073215765,90224800,219.56771850585938,AAPL,0.03179370364190537,0.03129874750499141,209.33426971435546,205.6564111328125,0.016750452236651548,0.015813580214112583,4.897547253620983,220.38600300495352,201.07664747870345
2025-08-08,228.86813354492188,230.51466074526758,218.78934791515115,220.36603010589778,113854000,228.86813354492188,AAPL,0.04235784341318971,0.04148530415843068,210.87801818847657,206.23379516601562,0.02029213482247142,0.01800323244594721,5.407188054422698,230.51466074526758,201.07664747870345
2025-08-11,226.95997619628906,229.33767612130436,224.54232171734583,227.6992650180531,61806100,226.95997619628906,AAPL,-0.008337365796965757,-0.008372316028665667,212.2139862060547,206.78239654541017,0.02393192734540542,0.017844860304880725,5.555835762275549,230.51466074526758,201.07664747870345
2025-08-12,229.42758178710938,230.57647717809445,226.8500938879156,227.78917070894937,55626200,229.42758178710938,AAPL,0.010872426196794072,0.010813746316393955,214.07413177490236,207.3623876953125,0.029254303372372333,0.01789598718872439,5.626703595614848,230.57647717809445,201.07664747870345
2025-08-13,233.10403442382812,234.77241529044048,230.2068337695816,230.8462285986664,69878500,233.10403442382812,AAPL,0.016024457949132653,0.015897421651124705,216.52345581054686,207.99894378662108,0.03656956021802082,0.01806933370342949,5.854515586819019,234.77241529044048,201.07664747870345
2025-08-14,232.5545654296875,234.89229562265464,230.6264418350812,233.83332460758467,51916300,232.5545654296875,AAPL,-0.0023571835446725142,-0.002359966075287742,219.06552124023438,208.59317626953126,0.04503177545172475,0.01810263392281343,6.028066158623659,234.89229562265464,201.07664747870345
2025-08-15,231.36570739746094,234.0531046408583,229.11788646444978,233.77337703316005,56038700,231.36570739746094,AAPL,-0.005112168105708581,-0.005125279942778476,222.0066116333008,209.17261291503905,0.055470617761924135,0.018248708301063038,6.2529926114006775,234.89229562265464,201.07664747870345
2025-08-18,230.66639709472656,232.89423321308522,229.88715369469057,231.47561022214762,37476200,230.66639709472656,AAPL,-0.0030225322092916063,-0.003027109285002345,224.78097381591797,209.78177124023438,0.06502552068528626,0.018324815802565463,6.1833834865089825,234.89229562265464,201.07664747870345
2025-08-19,230.3367156982422,232.64447617946885,229.1278960385577,231.05601964615855,39402600,230.3367156982422,AAPL,-0.001429256279357305,-0.0014302786403733944,227.56527862548828,210.31867431640626,0.07487561961974104,0.018329849694961167,6.10169730970997,234.89229562265464,201.07664747870345
2025-08-20,225.79110717773438,230.24679444121838,225.55134937034353,229.75726351111018,42263900,225.79110717773438,AAPL,-0.019734624185850147,-0.01993195232786829,228.86419372558595,210.8139614868164,0.07994217515644263,0.019057379708012166,6.252483324592275,234.89229562265464,201.07664747870345
2025-08-21,224.68218994140625,226.30063142153253,223.56327948127884,226.05087353353895,30621200,224.68218994140625,AAPL,-0.004911252928377019,-0.004923352764199667,229.37564086914062,211.2627212524414,0.08061573381238098,0.01910909313633922,5.586964057040357,234.89229562265464,201.07664747870345
2025-08-22,227.53941345214844,228.8681272027074,225.1916985271248,225.95095699429655,42477800,227.53941345214844,AAPL,0.012716733406805902,0.012636554777213866,229.24276885986328,211.84626220703126,0.07645491560735918,0.019231763212394594,5.444031989211581,234.89229562265464,201.07664747870345
2025-08-25,226.94000244140625,229.07792927219558,226.01089520624416,226.26065308481304,30983100,226.94000244140625,AAPL,-0.002634317288807808,-0.0026377932083888694,229.240771484375,212.40943267822266,0.07416646966194522,0.019269640865122034,5.436440738255608,234.89229562265464,201.07664747870345
2025-08-26,229.08792114257812,229.26775474756235,224.4724002828088,226.65028173376106,54575100,229.08792114257812,AAPL,0.00946469850209164,0.009420188869658648,229.20680541992186,213.0704458618164,0.07043740882376169,0.018933885553263835,4.890836181373345,234.89229562265464,201.07664747870345
2025-08-27,230.26678466796875,230.676376013076,228.03893336267103,228.38860049855515,31259500,230.26678466796875,AAPL,0.005145899965004919,0.005132705068832231,228.92308044433594,213.71571899414062,0.06604235809399714,0.01861436420048349,4.53750731153115,234.89229562265464,201.07664747870345
2025-08-28,232.33477783203125,233.18396075811214,229.11789497993007,230.59647266873003,38074700,232.33477783203125,AAPL,0.008980857430412437,0.008940769368325639,228.9011016845703,214.45783538818358,0.062165752502316415,0.01841267248302493,3.990418236392981,234.89229562265464,201.07664747870345
2025-08-29,231.91517639160156,233.15398096397084,231.145917853049,232.28481317583598,39418400,231.91517639160156,AAPL,-0.0018060207961334562,-0.00180765361792773,228.95604858398437,215.17279907226563,0.05943228781390727,0.01702316037535518,3.791326001176074,234.89229562265464,201.25627047720934
2025-09-02,229.49752807617188,230.62643860177437,226.75019132336067,229.02798202980685,44075600,229.49752807617188,AAPL,-0.010424709383172748,-0.010479427277002538,228.83916168212892,215.75119537353515,0.057028789888533236,0.017460306577491896,3.894083271037648,234.89229562265464,201.73526982787092
2025-09-03,238.2390594482422,238.6186963224971,234.133039090421,236.98028515930878,66427800,238.2390594482422,AAPL,0.038089871578786294,0.037382362478189754,229.6293960571289,216.49444366455077,0.055133496677658426,0.018667773873012026,4.1638214669658,238.6186963224971,205.15804638253505
2025-09-04,239.5477752685547,239.66765417218173,236.51072617258424,238.21906152531412,47549400,239.5477752685547,AAPL,0.005493288226302795,0.0054782551474289055,231.00506286621095,217.2878155517578,0.057263096261590714,0.015904901913236548,4.084612482110375,239.66765417218173,216.12496995802366
2025-09-05,239.45787048339844,241.08629675958926,238.25903569310344,239.76756781945676,54870400,239.45787048339844,AAPL,-0.00037531045761318715,-0.00037538090420976503,232.48263092041014,218.05424255371094,0.06025439187934116,0.014782122786184444,3.9340441171158966,241.08629675958926,218.78934791515115
2025-09-08,237.64962768554688,239.91741830634814,236.11111057683257,239.06825064349684,48999500,237.64962768554688,AAPL,-0.007551402650500583,-0.007580058845623845,233.49365234375,218.79568084716797,0.06184723132000898,0.012124892581149632,3.9911318464816765,241.08629675958926,223.56327948127884
2025-09-09,234.123046875,238.5487492683241,233.13400016518182,236.77047435136637,66313900,234.123046875,AAPL,-0.014839412310012845,-0.014950617910709828,234.2119567871094,219.46499084472657,0.06298810022857906,0.012501109908289999,4.1267153437839,241.08629675958926,223.56327948127884
2025-09-10,226.5703582763672,232.19491077497392,225.73117543382176,231.96513778704139,83440800,226.5703582763672,AAPL,-0.03225948363240483,-0.032791289244217724,233.96020050048827,219.9016192626953,0.06204951673618538,0.014451431036125405,4.384322851875298,241.08629675958926,223.56327948127884
2025-09-11,229.80722045898438,230.22681187017153,226.43048902665416,226.66027725307507,50208600,229.80722045898438,AAPL,0.014286344459361722,0.014185256289725688,233.91424407958985,220.3500961303711,0.059024028584165646,0.014353130150483413,4.459963630679847,241.08629675958926,223.56327948127884
2025-09-12,233.84332275390625,234.28288383192944,228.79821036620638,228.9980136278554,55824200,233.84332275390625,AAPL,0.017562991653877313,0.017410544677714683,234.06509857177736,220.78708923339843,0.05678164842171923,0.01490391996932268,4.55273050242427,241.08629675958926,223.56327948127884
2025-09-15,236.47076416015625,237.95932665324483,234.80238330570734,236.77047667310174,42699500,236.47076416015625,AAPL,0.011235905200573493,0.011173251296468912,234.52065734863282,221.2544778442383,0.0561007173614479,0.015038010493918376,4.627656919094782,241.08629675958926,223.56327948127884
2025-09-16,237.9193572998047,240.98639147239973,236.09114297984144,236.9502954777413,63421100,237.9193572998047,AAPL,0.006125886829152938,0.006107199861764178,235.3628402709961,221.8226870727539,0.05691068331686902,0.015045056096730156,4.63479220679512,241.08629675958926,223.56327948127884
2025-09-17,238.75856018066406,239.86748583209587,237.4997706474641,238.73857528095925,46508000,238.75856018066406,AAPL,0.003527257682534257,0.003521051498746078,235.41479034423827,222.4064828491211,0.05448310412524703,0.015034202945869955,4.615525959239891,241.08629675958926,223.56327948127884
2025-09-18,237.64962768554688,240.9664044724694,236.4208079152849,239.737599946219,44249600,237.64962768554688,AAPL,-0.004644576907642972,-0.004655396469492138,235.2249755859375,222.94554748535157,0.051670302285656514,0.01423927147748323,4.649778157740065,241.08629675958926,223.56327948127884
2025-09-19,245.26223754882812,246.06146581163878,239.9773675285625,240.99636870073516,163741300,245.26223754882812,AAPL,0.03203291306373979,0.03153055905443974,235.80541229248047,223.61151733398438,0.04971778403541826,0.015507681126744471,5.107190658823642,246.06146581163878,224.4724002828088
2025-09-22,255.8319854736328,256.3914711896616,247.8797028858207,248.05953649140056,105517400,255.8319854736328,AAPL,0.043095700465100695,0.04219292680949939,237.62364807128907,224.51382995605468,0.0512438587026701,0.017602514271821815,5.533208414008827,256.3914711896616,224.4724002828088
2025-09-23,254.18359375,257.0907792625319,253.33442606621003,255.63220171436936,60275200,254.18359375,AAPL,-0.00644325892472386,-0.006464106315850793,239.62970275878905,225.43386810302735,0.055848744784542964,0.017720133901110588,5.150007339008588,257.0907792625319,224.4724002828088
2025-09-24,252.06564331054688,255.4923293909784,250.79686899703333,254.9728287261993,42303700,252.06564331054688,AAPL,-0.00833236483994404,-0.00836727303900431,242.17923126220703,226.301767578125,0.06298940020366384,0.017966591594344026,5.259902510033415,257.0907792625319,225.73117543382176
2025-09-25,256.6212158203125,256.9209435623003,251.466224879955,252.96477212582877,55202100,256.6212158203125,AAPL,0.018072960876120314,0.0179115863617917,244.86063079833986,227.2398226928711,0.0686646583336545,0.018205464598620644,5.447578054023377,257.0907792625319,225.73117543382176
2025-09-26,255.2126007080078,257.3505275669758,253.5342198150173,253.8539172209246,46076300,255.2126007080078,AAPL,-0.0054890828406448655,-0.005504203212560821,246.99755859375,228.15249969482423,0.07384062874108108,0.018344360007941415,5.44829234134073,257.3505275669758,225.73117543382176
2025-09-29,254.18359375,254.75304905914027,252.76497075706976,254.31347273152574,40127700,254.18359375,AAPL,-0.004031959845059219,-0.004040110110226674,248.7688415527344,229.0214453125,0.07768949973874699,0.018392744157930237,5.236355259040429,257.3505275669758,225.73117543382176
2025-09-30,254.38340759277344,255.67215158054225,252.8648753735947,254.61318058017173,37704300,254.38340759277344,AAPL,0.0007861004710238984,0.0007857916558778501,250.41524658203124,229.86844177246093,0.08077101020072197,0.018076935324381007,4.837455599452521,257.3505275669758,225.73117543382176
2025-10-01,255.20260620117188,258.53938316103813,254.6831055272507,254.7929996074261,48713900,255.20260620117188,AAPL,0.003220330351537015,0.0032151561931075237,252.05965118408204,230.69350311279297,0.08372229574507756,0.016407660455372463,4.863145079791615,258.53938316103813,225.73117543382176
2025-10-02,256.8809814453125,257.9299523535748,253.9038565188199,256.33149581258533,42630200,256.8809814453125,AAPL,0.006576638338942287,0.006555106605745169,253.9827865600586,231.55712127685547,0.08729982716909442,0.016416468545646247,4.758960963293887,258.53938316103813,225.73117543382176
2025-10-03,257.7701110839844,258.9889308017334,253.70406057825727,254.42336451804394,49155600,257.7701110839844,AAPL,0.0034612513299712155,0.003455274986035184,255.23357391357422,232.4463055419922,0.08840151511653609,0.016391287334281066,4.8424514150179965,258.9889308017334,225.73117543382176
2025-10-06,256.44140625,258.819106172963,254.80299514816292,257.7401350456914,44664100,256.44140625,AAPL,-0.0051546117135026215,-0.005167942554398963,255.29451599121094,233.30652069091798,0.08574276526489359,0.016312726852860168,4.779655881606696,258.9889308017334,225.73117543382176
2025-10-07,256.23162841796875,257.15072039039774,255.18262697514498,256.56129542181253,31955800,256.23162841796875,AAPL,-0.0008180341665524615,-0.0008183689390839821,255.49931945800782,234.1591473388672,0.08328469147583224,0.01575404458449518,4.751111469508195,258.9889308017334,225.73117543382176
2025-10-08,257.8100891113281,258.2696351050741,255.8619653198879,256.2715719294531,36496900,257.8100891113281,AAPL,0.00616028826380699,0.006141391255695327,256.0737640380859,235.09882659912108,0.08135809390263,0.013080640069394994,4.5984024143654585,258.9889308017334,226.43048902665416
2025-10-09,253.79396057128906,257.75013209688524,252.8948383011137,257.5603136690899,38322000,253.79396057128906,AAPL,-0.01557785637436715,-0.015700466177770545,255.7910385131836,236.0024899291992,0.07797091995191865,0.01383666384505754,4.348646177517066,258.9889308017334,228.79821036620638
2025-10-10,245.032470703125,256.13171175032437,243.76369637579657,254.69310389004832,61999100,245.032470703125,AAPL,-0.03452205816262133,-0.0351320237366643,254.7730255126953,236.76046112060547,0.07351092832881484,0.01614467648958183,4.43713058706666,258.9889308017334,234.80238330570734
2025-10-13,247.42015075683594,249.44818352992385,245.32217845998096,249.13848619669534,38142900,247.42015075683594,AAPL,0.009744341420789837,0.009697171504895576,254.0966812133789,237.66976806640625,0.06639278610381655,0.01610548249137256,4.484227703529301,258.9889308017334,236.09114297984144
2025-10-14,247.53004455566406,248.60900042906025,244.46301046499008,246.36117950382103,35478000,247.53004455566406,AAPL,0.00044415864468594357,0.0004440600354328066,253.41134490966797,238.56191345214845,0.05999042049289584,0.016084110751766665,4.444979815681094,258.9889308017334,236.4208079152849
2025-10-15,249.09852600097656,251.5761352503302,247.2303418581919,249.24838988167792,33893600,249.09852600097656,AAPL,0.006336529564029414,0.0063165381668474005,252.80093688964843,239.4940106201172,0.05342033324387902,0.016110332887641632,4.365770866380594,258.9889308017334,236.4208079152849
2025-10-16,247.21035766601562,248.79881419551728,244.8926123625184,248.00958596667436,39777000,247.21035766601562,AAPL,-0.007580006053321764,-0.007608880303073058,251.83387451171876,240.18217864990234,0.04713271713945745,0.01618904986047022,4.393599858273427,258.9889308017334,239.9773675285625
2025-10-17,252.045654296875,253.13461023404025,247.03052706557392,247.77980070207627,49147000,252.045654296875,AAPL,0.019559441912186948,0.019370614298066767,251.2614288330078,240.83173736572266,0.04138016779690403,0.015219852317033447,4.6547750880968755,258.9889308017334,243.76369637579657
2025-10-20,261.98602294921875,264.1239650925819,255.3824390623343,255.64218177653177,90483000,261.98602294921875,AAPL,0.03943876231500254,0.03868091586874815,251.81589050292968,241.4940951538086,0.03939826725459237,0.014736580351923743,5.31699184443683,264.1239650925819,243.76369637579657
2025-10-21,262.5155029296875,265.03308188579996,261.5764108568555,261.6263807259345,46695900,262.5155029296875,AAPL,0.0020210237725979407,0.0020189842515379616,252.44427795410155,242.20520568847655,0.03900368607322762,0.014626396813232231,5.267041520199671,265.03308188579996,243.76369637579657
2025-10-22,258.19970703125,262.5954395959732,255.18261234613632,262.3956210979312,45015300,258.19970703125,AAPL,-0.016440156296572916,-0.01657679531385159,252.48323974609374,242.78064819335938,0.037577856552563994,0.015030820442721315,5.508950906991241,265.03308188579996,243.76369637579657
2025-10-23,259.3285827636719,260.36758405794774,257.76012648314656,259.68824995662277,32754900,259.3285827636719,AAPL,0.004372103072468825,0.004362573196799657,253.03670196533204,243.30513916015624,0.037525993862559476,0.014535240314248339,5.317707146371603,265.03308188579996,243.76369637579657
2025-10-24,262.56549072265625,263.87421967110856,258.9290010880386,260.93706434715574,38253700,262.56549072265625,AAPL,0.012481878875396424,0.012404622431380775,254.79000396728514,243.90535766601562,0.04145497670433319,0.014695037077497412,5.384071971962308,265.03308188579996,243.76369637579657
2025-10-27,268.5496520996094,268.8593494221352,264.3936774471076,264.6234656652487,44888200,268.5496520996094,AAPL,0.02279111912415832,0.022535281491603727,256.9029541015625,244.6490365600586,0.04562998851683016,0.015361706174187613,5.693055206549894,268.8593494221352,243.76369637579657
2025-10-28,268.7394714355469,269.6286240979669,267.8902885694659,268.7294713644567,41534800,268.7394714355469,AAPL,0.0007068314349076843,0.0007065817472201407,259.0238967895508,245.410498046875,0.05065649147092546,0.015362249147939063,5.645245616786667,269.6286240979669,243.76369637579657
2025-10-29,269.4388122558594,271.1471476128123,266.85129379808274,269.01920560410514,51086700,269.4388122558594,AAPL,0.0026023003490212027,0.0025989202282576647,261.05792541503905,246.19253997802736,0.05517165590418173,0.01536187449374002,5.601002974252036,271.1471476128123,243.76369637579657
2025-10-30,271.13714599609375,273.87451306817263,268.2199910571769,271.72657092903916,69886500,271.13714599609375,AAPL,0.006303226049785504,0.006283443804923906,263.4506042480469,247.09946075439453,0.06030580366840598,0.01535841927008543,5.1214677339997445,273.87451306817263,243.76369637579657
2025-10-31,270.108154296875,277.05143573891627,268.89933466249033,276.721738255342,86167100,270.108154296875,AAPL,-0.0037950967413132863,-0.003802316392924,265.25685424804686,248.0079800415039,0.06385913913426237,0.015425243301644487,5.388352608973108,277.05143573891627,243.76369637579657
2025-11-03,268.7894287109375,270.5877038096653,265.9921525413924,270.15812755648943,50194600,268.7894287109375,AAPL,-0.004882213161503057,-0.0048941700975957455,265.93719482421875,248.83298034667968,0.06363425287805255,0.015418352028846897,5.420464130701875,277.05143573891627,243.76369637579657
2025-11-04,269.7784729003906,271.22705027239556,267.36080327265466,268.0701070960229,49274800,269.7784729003906,AAPL,0.0036796245826942187,0.0036728713253906245,266.6634918212891,249.68974975585937,0.06291733318431554,0.015402454112521046,5.3862108169592045,277.05143573891627,243.76369637579657
2025-11-05,269.8783874511719,271.43687417180433,266.67147434431234,268.3498399683747,43683100,269.8783874511719,AAPL,0.0003703577594871277,0.00037028919398077734,267.83135986328125,250.50555908203125,0.06419854863103734,0.01538619294188371,5.426174116175907,277.05143573891627,243.76369637579657
2025-11-06,269.50872802734375,273.1352174017799,267.6305743388968,267.6305743388968,51204000,269.50872802734375,AAPL,-0.0013697259247742455,-0.0013706648568130519,268.84937438964846,251.29039794921874,0.06515179144271803,0.01482798629083826,5.383356965777106,277.05143573891627,243.76369637579657
2025-11-07,268.2099914550781,272.02629915101613,266.51162568814635,269.5386899523433,48227400,268.2099914550781,AAPL,-0.004818903572332056,-0.004830551924742772,269.4138244628906,252.0079022216797,0.06489662128834667,0.012005777815960903,4.914525727717312,277.05143573891627,244.46301046499008
2025-11-10,269.42999267578125,273.7300109863281,267.4599914550781,268.9599914550781,41312400,269.42999267578125,AAPL,0.004548679242277531,0.004538365265673548,269.5018585205078,252.7581985473633,0.0621447516175121,0.011943928881399059,5.115479192167707,277.05143573891627,244.46301046499008
2025-11-11,275.25,275.9100036621094,269.79998779296875,269.80999755859375,46208300,275.25,AAPL,0.021601185771556786,0.02137118643594642,270.1529113769531,253.67324798583985,0.05987161994954864,0.012495856356287907,5.048849459059942,277.05143573891627,244.8926123625184
2025-11-12,273.4700012207031,275.7300109863281,271.70001220703125,275.0,48398000,273.4700012207031,AAPL,-0.006466843884820661,-0.006487844507194079,270.5560302734375,254.37786682128908,0.059158823197912255,0.012766513914444983,5.150459545095349,277.05143573891627,244.8926123625184
2025-11-13,272.95001220703125,276.70001220703125,272.0899963378906,274.1099853515625,49602800,272.95001220703125,AAPL,-0.0019014480979659965,-0.0019032581452385258,270.73731689453126,255.04591156005858,0.05748820162195421,0.012539485146125197,5.126516494100396,277.05143573891627,247.03052706557392
2025-11-14,272.4100036621094,275.9599914550781,269.6000061035156,271.04998779296875,47399300,272.4100036621094,AAPL,-0.0019784155368063328,-0.0019803751859178826,270.9675018310547,255.70495422363283,0.05602785287706665,0.012150205836963295,5.131239826392077,277.05143573891627,255.18261234613632
